sourceFile,exportedFile,schoolId,schoolSn,schoolLgea,schoolName,interviewId,interviewType,participantPseudonym,interviewDate,responseText,fieldNotes
cmraknwp00001l8041a7xztof_interview_2026-07-07T11-35-02-673Z_3aeeee019af4b6a9.webm,24_LAGOS_ISLAND_EREKO_METHODIST_PRIMARY_SCHOOL_Teacher_T77-1230.webm,cmr3lrv3v000nsr3o28j55nkd,24,LAGOS ISLAND,EREKO METHODIST PRIMARY SCHOOL,cmraknxxq0001k304fjye6093,Teacher,T77-1230,2026-07-07,interview_2026-07-07T11-35-02-673Z_3aeeee019af4b6a9.webm,Recording available
cmral1l8m0001l104319c4hr5_interview_2026-07-07T11-45-40-903Z_a2406b3550c08cf0.webm,24_LAGOS_ISLAND_EREKO_METHODIST_PRIMARY_SCHOOL_Teacher_T77-1236.webm,cmr3lrv3v000nsr3o28j55nkd,24,LAGOS ISLAND,EREKO METHODIST PRIMARY SCHOOL,cmral1nn00001ju04vm1zk9lr,Teacher,T77-1236,2026-07-07,interview_2026-07-07T11-45-40-903Z_a2406b3550c08cf0.webm,Recording available
cmralvp710001l804nwneus42_interview_2026-07-07T12-09-05-714Z_4ab6d99e1b3aa71e.webm,28_LAGOS_MAINLAND_MODUPE_COLE_MEM._CHILD_CARE_TREATMENT_HOME_SCHOOL_Teacher_T77-1257.webm,cmr3lrv41000rsr3ojwvlje4t,28,LAGOS MAINLAND,MODUPE COLE MEM. CHILD CARE & TREATMENT HOME SCHOOL,cmralvr2b0001l104h6frtr43,Teacher,T77-1257,2026-07-07,interview_2026-07-07T12-09-05-714Z_4ab6d99e1b3aa71e.webm,Recording available
cmram2l970003l804e5b5alxe_interview_2026-07-07T12-14-27-342Z_3ff52ca0bcc27ba5.webm,4_ALIMOSHO_ABATI_PRY_SCHOOL_ABATI_Administrator_A77-1308.webm,cmr3lrv1u0003sr3o0q26ynnr,4,ALIMOSHO,"ABATI PRY SCHOOL, ABATI",cmram2n2x000jl104anewib2r,Administrator,A77-1308,2026-07-07,interview_2026-07-07T12-14-27-342Z_3ff52ca0bcc27ba5.webm,Recording available
cmram59y20005l8048mka232u_interview_2026-07-07T12-16-32-657Z_1147329c3e099840.webm,28_LAGOS_MAINLAND_MODUPE_COLE_MEM._CHILD_CARE_TREATMENT_HOME_SCHOOL_Teacher_T77-1309.webm,cmr3lrv41000rsr3ojwvlje4t,28,LAGOS MAINLAND,MODUPE COLE MEM. CHILD CARE & TREATMENT HOME SCHOOL,cmram5cqp0001k00407ngat7r,Teacher,T77-1309,2026-07-07,interview_2026-07-07T12-16-32-657Z_1147329c3e099840.webm,Recording available
cmramk7uo0001ld048y0gtvrs_interview_2026-07-07T12-28-09-631Z_51949dcf4e955512.webm,36_OJO_AGANJU_AKA_NUR_PRY_SCHOOL_II_OKOKOMAIKO_Administrator_A77-1310.webm,cmr3lrv4b000zsr3olgtwnaci,36,OJO,"AGANJU AKA NUR & PRY SCHOOL II, OKOKOMAIKO",cmramk99w0001la04xlk188i2,Administrator,A77-1310,2026-07-07,interview_2026-07-07T12-28-09-631Z_51949dcf4e955512.webm,Recording available
cmrammvjp0001l204qwt2typm_interview_2026-07-07T12-30-13-655Z_f5edae8ae0f646fa.webm,23_LAGOS_ISLAND_HOLY_CROSS_CATHOLIC_PRIMARY_SCHOOL_Administrator_A77-1321.webm,cmr3lrv3u000msr3ojdm55r8v,23,LAGOS ISLAND,HOLY CROSS CATHOLIC PRIMARY SCHOOL,cmrammxuw000jjo04bdtf1eid,Administrator,A77-1321,2026-07-07,interview_2026-07-07T12-30-13-655Z_f5edae8ae0f646fa.webm,Recording available
cmramosak0003l204n3vij6v3_interview_2026-07-07T12-31-42-894Z_68c5f19bbf351518.webm,28_LAGOS_MAINLAND_MODUPE_COLE_MEM._CHILD_CARE_TREATMENT_HOME_SCHOOL_Administrator_A77-1317.webm,cmr3lrv41000rsr3ojwvlje4t,28,LAGOS MAINLAND,MODUPE COLE MEM. CHILD CARE & TREATMENT HOME SCHOOL,cmramov75000lk0047w7e8kcz,Administrator,A77-1317,2026-07-07,interview_2026-07-07T12-31-42-894Z_68c5f19bbf351518.webm,Recording available
cmramvs6s0001jy04zj6izr1l_interview_2026-07-07T12-37-09-310Z_468ea862f882348b.webm,8_BADAGRY_ANG._PRIMARY_SCHOOL_ARADAGUN_MOSAFEJO_Administrator_A77-1332.webm,cmr3lrv200007sr3o12vnpkt7,8,BADAGRY,ANG. PRIMARY SCHOOL ARADAGUN/MOSAFEJO,cmramvuxz0005jr04d5adhhl9,Administrator,A77-1332,2026-07-07,interview_2026-07-07T12-37-09-310Z_468ea862f882348b.webm,Recording available
cmramzr8a0001kw048as0ztxs_interview_2026-07-07T12-40-14-602Z_512bc7528b306649.webm,4_ALIMOSHO_ABATI_PRY_SCHOOL_ABATI_Teacher_T77-1316.webm,cmr3lrv1u0003sr3o0q26ynnr,4,ALIMOSHO,"ABATI PRY SCHOOL, ABATI",cmramzsez0013k0047a3zk0lp,Teacher,T77-1316,2026-07-07,interview_2026-07-07T12-40-14-602Z_512bc7528b306649.webm,Recording available
cmran67wt0003kw04oxvn6m9a_interview_2026-07-07T12-45-16-284Z_6940ea23ace87452.webm,28_LAGOS_MAINLAND_MODUPE_COLE_MEM._CHILD_CARE_TREATMENT_HOME_SCHOOL_Pupil_P77-1331.webm,cmr3lrv41000rsr3ojwvlje4t,28,LAGOS MAINLAND,MODUPE COLE MEM. CHILD CARE & TREATMENT HOME SCHOOL,cmran69iq0003kz04nzaxsqt5,Pupil,P77-1331,2026-07-07,interview_2026-07-07T12-45-16-284Z_6940ea23ace87452.webm,Recording available
cmranfcbk0001l5047v78ayma_interview_2026-07-07T12-52-21-762Z_97f8263a7d3d4c9c.webm,28_LAGOS_MAINLAND_MODUPE_COLE_MEM._CHILD_CARE_TREATMENT_HOME_SCHOOL_Pupil_P77-1345.webm,cmr3lrv41000rsr3ojwvlje4t,28,LAGOS MAINLAND,MODUPE COLE MEM. CHILD CARE & TREATMENT HOME SCHOOL,cmranfdil0001ib04wsjm2859,Pupil,P77-1345,2026-07-07,interview_2026-07-07T12-52-21-762Z_97f8263a7d3d4c9c.webm,Recording available
cmrani2920001js04fyeb5n6e_interview_2026-07-07T12-54-28-665Z_55ccf49653ed1b09.webm,34_OJO_F._O._A._NUR_PRY_SCHOOL_I_OKOKOMAIKO_Administrator_A77-1353.webm,cmr3lrv49000xsr3obc6h1qa4,34,OJO,"F. O. A. NUR & PRY SCHOOL I, OKOKOMAIKO",cmrani3i80001ib04l71f2zfd,Administrator,A77-1353,2026-07-07,interview_2026-07-07T12-54-28-665Z_55ccf49653ed1b09.webm,Recording available
cmras1js00001ld04zi8i8l0f_interview_2026-07-07T15-01-36-331Z_bb02495074f7ed6b.webm,27_LAGOS_MAINLAND_IJERO_BAPT.PRIMARY_SCHOOL_Administrator_A77-1543.webm,cmr3lrv3z000qsr3om4kssst1,27,LAGOS MAINLAND,IJERO BAPT.PRIMARY SCHOOL,cmras1lkb0001jl045fbjfjkt,Administrator,A77-1543,2026-07-07,interview_2026-07-07T15-01-36-331Z_bb02495074f7ed6b.webm,Recording available
cmrathhk20001jw04to2phovj_interview_2026-07-07T15-41-59-528Z_3a2cefd1e14b6e7e.webm,25_LAGOS_MAINLAND_ALL_SAINT_ANGLICAN_PRIMARY_SCHOOL_Administrator_A77-1638.webm,cmr3lrv3w000osr3ow3o6s924,25,LAGOS MAINLAND,ALL SAINT ANGLICAN PRIMARY SCHOOL,cmrathzig0001jv041y4f8sqk,Administrator,A77-1638,2026-07-07,interview_2026-07-07T15-41-59-528Z_3a2cefd1e14b6e7e.webm,Recording available
cmrbs65l70001kz04m50ucp8b_interview_2026-07-08T07-52-57-406Z_950d67484970dc93.webm,15_IKEJA_BOLA_MEM._PRY_SCHL_Pupil_P78-0847.webm,cmr3lrv2b000esr3o1n7etntv,15,IKEJA,BOLA MEM. PRY SCHL,cmrbs66sd0005l504za7ylxem,Pupil,P78-0847,2026-07-08,interview_2026-07-08T07-52-57-406Z_950d67484970dc93.webm,Recording available
cmrbs9lsj0003kz04fy1np4qp_interview_2026-07-08T07-55-38-506Z_a3dfd4940f5a6f7c.webm,15_IKEJA_BOLA_MEM._PRY_SCHL_Pupil_P78-0853.webm,cmr3lrv2b000esr3o1n7etntv,15,IKEJA,BOLA MEM. PRY SCHL,cmrbs9ocn0001l3043m0luhpg,Pupil,P78-0853,2026-07-08,interview_2026-07-08T07-55-38-506Z_a3dfd4940f5a6f7c.webm,Recording available
cmrbshvoi0001l1043owj09pm_interview_2026-07-08T08-02-04-379Z_76b9c96407e016ff.webm,15_IKEJA_BOLA_MEM._PRY_SCHL_Teacher_T78-0856.webm,cmr3lrv2b000esr3o1n7etntv,15,IKEJA,BOLA MEM. PRY SCHL,cmrbshzky0009l705faeucuku,Teacher,T78-0856,2026-07-08,interview_2026-07-08T08-02-04-379Z_76b9c96407e016ff.webm,Recording available
cmrbsqck60001l4049swwyioe_interview_2026-07-08T08-08-39-555Z_fdfae3e35c0573fe.webm,15_IKEJA_BOLA_MEM._PRY_SCHL_Teacher_T78-0902.webm,cmr3lrv2b000esr3o1n7etntv,15,IKEJA,BOLA MEM. PRY SCHL,cmrbsqe0b000bjq04n1o62nnl,Teacher,T78-0902,2026-07-08,interview_2026-07-08T08-08-39-555Z_fdfae3e35c0573fe.webm,Recording available
cmrbtnsvm0001jh04ky53geux_interview_2026-07-08T08-34-40-335Z_65d80527fa9a849d.webm,15_IKEJA_BOLA_MEM._PRY_SCHL_Administrator_A78-0925.webm,cmr3lrv2b000esr3o1n7etntv,15,IKEJA,BOLA MEM. PRY SCHL,cmrbtnw6u000rl705i03yqizd,Administrator,A78-0925,2026-07-08,interview_2026-07-08T08-34-40-335Z_65d80527fa9a849d.webm,Recording available
cmrbuibpp0001l204n514vqsh_interview_2026-07-08T08-58-24-433Z_c07c6d5794be7af2.webm,29_MUSHIN_OJUWOYE_COMM._PRIMARY_SCHOOL_Pupil_P78-0935.webm,cmr3lrv42000ssr3osqm7zst1,29,MUSHIN,OJUWOYE COMM. PRIMARY SCHOOL,cmrbuigzk0019l504paylkw42,Pupil,P78-0935,2026-07-08,interview_2026-07-08T08-58-24-433Z_c07c6d5794be7af2.webm,Recording available
cmrbvu11c0001ju04q660e1uq_interview_2026-07-08T09-35-30-092Z_f73f475b233ffe28.webm,14_IKEJA_ESTATE_PRY_SCHL_Pupil_P78-1023.webm,cmr3lrv29000dsr3o8uf2zp3w,14,IKEJA,ESTATE PRY SCHL,cmrbvu2s50001jr0421zrkq3n,Pupil,P78-1023,2026-07-08,interview_2026-07-08T09-35-30-092Z_f73f475b233ffe28.webm,Recording available
cmrbvyelf0001ju04g994j32n_interview_2026-07-08T09-38-54-383Z_a9e11214e332d755.webm,14_IKEJA_ESTATE_PRY_SCHL_Pupil_P78-1035.webm,cmr3lrv29000dsr3o8uf2zp3w,14,IKEJA,ESTATE PRY SCHL,cmrbvyfv60001jq040u7wgn9q,Pupil,P78-1035,2026-07-08,interview_2026-07-08T09-38-54-383Z_a9e11214e332d755.webm,Recording available
cmrbw7zep0001jx04l9h6s7t7_interview_2026-07-08T09-46-21-143Z_385c15ab75307759.webm,14_IKEJA_ESTATE_PRY_SCHL_Teacher_T78-1039.webm,cmr3lrv29000dsr3o8uf2zp3w,14,IKEJA,ESTATE PRY SCHL,cmrbw80qi0001i804r9yyh1ft,Teacher,T78-1039,2026-07-08,interview_2026-07-08T09-46-21-143Z_385c15ab75307759.webm,Recording available
cmrbwybv70001ky051iurftc2_interview_2026-07-08T10-06-50-355Z_941365404a054740.webm,14_IKEJA_ESTATE_PRY_SCHL_Teacher_T78-1102.webm,cmr3lrv29000dsr3o8uf2zp3w,14,IKEJA,ESTATE PRY SCHL,cmrbwyenc0001jo04ny6fa9sl,Teacher,T78-1102,2026-07-08,interview_2026-07-08T10-06-50-355Z_941365404a054740.webm,Recording available
cmrbx3v9j0001ic04vq5kl15y_interview_2026-07-08T10-11-08-710Z_743316d61a7a5504.webm,29_MUSHIN_OJUWOYE_COMM._PRIMARY_SCHOOL_Administrator_A78-1044.webm,cmr3lrv42000ssr3osqm7zst1,29,MUSHIN,OJUWOYE COMM. PRIMARY SCHOOL,cmrbx40hi000hi804dsai2870,Administrator,A78-1044,2026-07-08,interview_2026-07-08T10-11-08-710Z_743316d61a7a5504.webm,Recording available
cmrbxd03s0001jq04w7ueuf86_interview_2026-07-08T10-18-14-951Z_8a7f538f8631b060.webm,13_ETI-OSA_ARMY_CHILDREN_SCHOOL_BONNY_CAMP_Teacher_T78-1111.webm,cmr3lrv28000csr3o84wk6hae,13,ETI-OSA,ARMY CHILDREN SCHOOL BONNY CAMP,cmrbxd4vu000hib042iobqvh2,Teacher,T78-1111,2026-07-08,interview_2026-07-08T10-18-14-951Z_8a7f538f8631b060.webm,Recording available
cmrbxq4i60003if045tjcgrc7_interview_2026-07-08T10-28-27-328Z_73673b64619ee035.webm,14_IKEJA_ESTATE_PRY_SCHL_Administrator_A78-1121.webm,cmr3lrv29000dsr3o8uf2zp3w,14,IKEJA,ESTATE PRY SCHL,cmrbxq71u000hjr04ta5j7sly,Administrator,A78-1121,2026-07-08,interview_2026-07-08T10-28-27-328Z_73673b64619ee035.webm,Recording available
cmrbxqua90005if04nm1vpjj3_interview_2026-07-08T10-29-00-739Z_922f3007b1d50ce7.webm,29_MUSHIN_OJUWOYE_COMM._PRIMARY_SCHOOL_Teacher_T78-1127.webm,cmr3lrv42000ssr3osqm7zst1,29,MUSHIN,OJUWOYE COMM. PRIMARY SCHOOL,cmrbxqwmn0001lc04t45e3ply,Teacher,T78-1127,2026-07-08,interview_2026-07-08T10-29-00-739Z_922f3007b1d50ce7.webm,Recording available
cmrby42hp0007l504dc8s7295_interview_2026-07-08T10-39-17-872Z_2149c9eb9ca28580.webm,13_ETI-OSA_ARMY_CHILDREN_SCHOOL_BONNY_CAMP_Teacher_T78-1128.webm,cmr3lrv28000csr3o84wk6hae,13,ETI-OSA,ARMY CHILDREN SCHOOL BONNY CAMP,cmrby47010019ib041scvjx8z,Teacher,T78-1128,2026-07-08,interview_2026-07-08T10-39-17-872Z_2149c9eb9ca28580.webm,Recording available
cmrbyhk1v0001l404dbtp5d1b_interview_2026-07-08T10-49-47-043Z_0347b1ef4e69d7c9.webm,13_ETI-OSA_ARMY_CHILDREN_SCHOOL_BONNY_CAMP_Pupil_P78-1144.webm,cmr3lrv28000csr3o84wk6hae,13,ETI-OSA,ARMY CHILDREN SCHOOL BONNY CAMP,cmrbyhmy10037ib047jvblx2p,Pupil,P78-1144,2026-07-08,interview_2026-07-08T10-49-47-043Z_0347b1ef4e69d7c9.webm,Recording available
cmrbz1t0o0001l9040l9l9b1t_interview_2026-07-08T11-05-31-783Z_c99b60171a9f0f13.webm,13_ETI-OSA_ARMY_CHILDREN_SCHOOL_BONNY_CAMP_Pupil_P78-1150.webm,cmr3lrv28000csr3o84wk6hae,13,ETI-OSA,ARMY CHILDREN SCHOOL BONNY CAMP,cmrbz1xcx0001jm04q8t4fa3i,Pupil,P78-1150,2026-07-08,interview_2026-07-08T11-05-31-783Z_c99b60171a9f0f13.webm,Recording available
cmrc1hl4c0001l504y5cy6bhb_interview_2026-07-08T12-13-47-286Z_1e9fe7cd28000c5a.webm,30_MUSHIN_OLISA_PRIMARY_SCHOOL_Teacher_T78-1300.webm,cmr3lrv43000tsr3o7fnbopaq,30,MUSHIN,OLISA PRIMARY SCHOOL,cmrc1hmm4000fl70422zvtukc,Teacher,T78-1300,2026-07-08,interview_2026-07-08T12-13-47-286Z_1e9fe7cd28000c5a.webm,Recording available
cmrc1zg2x0001lb04cihkn1hp_interview_2026-07-08T12-27-40-558Z_aa4e2d5e49ba1fad.webm,30_MUSHIN_OLISA_PRIMARY_SCHOOL_Teacher_T78-1314.webm,cmr3lrv43000tsr3o7fnbopaq,30,MUSHIN,OLISA PRIMARY SCHOOL,cmrc1zhk6000vl70435q4s16d,Teacher,T78-1314,2026-07-08,interview_2026-07-08T12-27-40-558Z_aa4e2d5e49ba1fad.webm,Recording available
cmrc4vfik0001kw0469paq5jv_interview_2026-07-08T13-48-32-041Z_89feb52dfedbb7e9.webm,30_MUSHIN_OLISA_PRIMARY_SCHOOL_Administrator_A78-1344.webm,cmr3lrv43000tsr3o7fnbopaq,30,MUSHIN,OLISA PRIMARY SCHOOL,cmrc4vi8h0001jj04ev6nmtgk,Administrator,A78-1344,2026-07-08,interview_2026-07-08T13-48-32-041Z_89feb52dfedbb7e9.webm,Recording available
cmrc660600009jx04n5amlbbs_interview_2026-07-08T14-24-45-131Z_dd1adb3c7048a651.webm,12_ETI-OSA_AKINLADE_PRIMARY_SCHOOL_Administrator_A78-1501.webm,cmr3lrv26000bsr3ot7avvzpf,12,ETI-OSA,AKINLADE PRIMARY SCHOOL,cmrc665gy0001k004lsejxoh4,Administrator,A78-1501,2026-07-08,interview_2026-07-08T14-24-45-131Z_dd1adb3c7048a651.webm,Recording available
cmrc7720z0001ky04xarac2t5_interview_2026-07-08T14-53-33-663Z_df045abaed6f374d.webm,12_ETI-OSA_AKINLADE_PRIMARY_SCHOOL_Administrator_A78-1548.webm,cmr3lrv26000bsr3ot7avvzpf,12,ETI-OSA,AKINLADE PRIMARY SCHOOL,cmrc777oy0003lc045pn9p1us,Administrator,A78-1548,2026-07-08,interview_2026-07-08T14-53-33-663Z_df045abaed6f374d.webm,Recording available
cmrc7o4pe0001l504se1h0ijl_interview_2026-07-08T15-06-50-287Z_bd53ccfb230e2e7b.webm,12_ETI-OSA_AKINLADE_PRIMARY_SCHOOL_Teacher_T78-1556.webm,cmr3lrv26000bsr3ot7avvzpf,12,ETI-OSA,AKINLADE PRIMARY SCHOOL,cmrc7ob390001jr04vv890jss,Teacher,T78-1556,2026-07-08,interview_2026-07-08T15-06-50-287Z_bd53ccfb230e2e7b.webm,Recording available
cmrc822tn0001l704hvudxgdw_interview_2026-07-08T15-17-41-026Z_027e0dda329a4b50.webm,26_LAGOS_MAINLAND_ANSARUDEEN_PRIMARY_SCHOOL_ODUNFA_Administrator_A78-1555.webm,cmr3lrv3y000psr3o47wnakzq,26,LAGOS MAINLAND,ANSARUDEEN PRIMARY SCHOOL ODUNFA,cmrc83x6c0001jj04qkxlkzrz,Administrator,A78-1555,2026-07-08,interview_2026-07-08T15-17-41-026Z_027e0dda329a4b50.webm,Recording available
cmrc8r93h0003l104ncx9nhcl_interview_2026-07-08T15-37-15-707Z_12b6d5860287bb82.webm,26_LAGOS_MAINLAND_ANSARUDEEN_PRIMARY_SCHOOL_ODUNFA_Administrator_A78-1623.webm,cmr3lrv3y000psr3o47wnakzq,26,LAGOS MAINLAND,ANSARUDEEN PRIMARY SCHOOL ODUNFA,cmrc8rc2s0003l504yv1yhzlt,Administrator,A78-1623,2026-07-08,interview_2026-07-08T15-37-15-707Z_12b6d5860287bb82.webm,Recording available
cmrd9fs970001jr04ujinii8k_interview_2026-07-09T08-44-06-290Z_89911c42b7efc276.webm,38_SOMOLU_IJEBU-TEDO_PRY_SCHOOL_Administrator_A79-0923.webm,cmr3lrv4d0011sr3okm9zyd46,38,SOMOLU,IJEBU-TEDO PRY SCHOOL,cmrd9fwyv0001js04rqwz34w0,Administrator,A79-0923,2026-07-09,interview_2026-07-09T08-44-06-290Z_89911c42b7efc276.webm,Recording available
cmrd9xo9d0001js04xje6kh96_interview_2026-07-09T08-58-01-057Z_b5177dbb11e858c3.webm,5_ALIMOSHO_AFRICAN_CHURCH_PRY_SCHL_MOSAN_Administrator_A79-0952.webm,cmr3lrv1v0004sr3o92qj045j,5,ALIMOSHO,"AFRICAN CHURCH PRY SCHL, MOSAN",cmrd9xpw90001jo04238jf5xt,Administrator,A79-0952,2026-07-09,interview_2026-07-09T08-58-01-057Z_b5177dbb11e858c3.webm,Recording available
cmrda9tfk0003js04dgsz7573_interview_2026-07-09T09-07-27-666Z_44516ae9ab487729.webm,5_ALIMOSHO_AFRICAN_CHURCH_PRY_SCHL_MOSAN_Teacher_T79-0958.webm,cmr3lrv1v0004sr3o92qj045j,5,ALIMOSHO,"AFRICAN CHURCH PRY SCHL, MOSAN",cmrda9ywt000fjo04oz8e52wj,Teacher,T79-0958,2026-07-09,interview_2026-07-09T09-07-27-666Z_44516ae9ab487729.webm,Recording available
cmrdag1dx0005js04qkq35ut4_interview_2026-07-09T09-12-17-916Z_dd20390a82af23d7.webm,5_ALIMOSHO_AFRICAN_CHURCH_PRY_SCHL_MOSAN_Teacher_T79-1008.webm,cmr3lrv1v0004sr3o92qj045j,5,ALIMOSHO,"AFRICAN CHURCH PRY SCHL, MOSAN",cmrdag3s0000vjo0405sj3yno,Teacher,T79-1008,2026-07-09,interview_2026-07-09T09-12-17-916Z_dd20390a82af23d7.webm,Recording available
cmrdall800007js042wzbjc34_interview_2026-07-09T09-16-36-901Z_c3289a488f89e8dd.webm,5_ALIMOSHO_AFRICAN_CHURCH_PRY_SCHL_MOSAN_Teacher_T79-1012.webm,cmr3lrv1v0004sr3o92qj045j,5,ALIMOSHO,"AFRICAN CHURCH PRY SCHL, MOSAN",cmrdaln26000jjs04axwwwuoe,Teacher,T79-1012,2026-07-09,interview_2026-07-09T09-16-36-901Z_c3289a488f89e8dd.webm,Recording available
cmrdat6vr0009js04h1tc7m43_interview_2026-07-09T09-22-31-534Z_080948e4e0e5b086.webm,36_OJO_AGANJU_AKA_NUR_PRY_SCHOOL_II_OKOKOMAIKO_Pupil_P79-1005.webm,cmr3lrv4b000zsr3olgtwnaci,36,OJO,"AGANJU AKA NUR & PRY SCHOOL II, OKOKOMAIKO",cmrdat9cp000xjs04f3ruqtut,Pupil,P79-1005,2026-07-09,interview_2026-07-09T09-22-31-534Z_080948e4e0e5b086.webm,Recording available
cmrdazcmd000bjs04ek9aygbj_interview_2026-07-09T09-27-18-942Z_48235721f65ee281.webm,36_OJO_AGANJU_AKA_NUR_PRY_SCHOOL_II_OKOKOMAIKO_Pupil_P79-1023.webm,cmr3lrv4b000zsr3olgtwnaci,36,OJO,"AGANJU AKA NUR & PRY SCHOOL II, OKOKOMAIKO",cmrdazdhv001fjs049mepwo2x,Pupil,P79-1023,2026-07-09,interview_2026-07-09T09-27-18-942Z_48235721f65ee281.webm,Recording available
cmrdb4bd2000djs04iunknn7c_interview_2026-07-09T09-31-10-566Z_778eb30a77e31ea4.webm,36_OJO_AGANJU_AKA_NUR_PRY_SCHOOL_II_OKOKOMAIKO_Pupil_P79-1027.webm,cmr3lrv4b000zsr3olgtwnaci,36,OJO,"AGANJU AKA NUR & PRY SCHOOL II, OKOKOMAIKO",cmrdb4d7y001xjs04c00fpftp,Pupil,P79-1027,2026-07-09,interview_2026-07-09T09-31-10-566Z_778eb30a77e31ea4.webm,Recording available
cmrdbzn3e000fjs042cy9z4ja_interview_2026-07-09T09-55-32-094Z_083d974cf1c63304.webm,37_SOMOLU_ADARANIJO_PRY_SCHOOL_Administrator_A79-1048.webm,cmr3lrv4c0010sr3o4srookd4,37,SOMOLU,ADARANIJO PRY SCHOOL,cmrdbzx3j0001jm046kxc0ukw,Administrator,A79-1048,2026-07-09,interview_2026-07-09T09-55-32-094Z_083d974cf1c63304.webm,Recording available
cmrdcpsat000hjs04bcxd5cd1_interview_2026-07-09T10-15-51-900Z_26443d747c210000.webm,19_IKORODU_L.G._PRIMARY_SCHOOL_IPAKODO_Administrator_A79-1102.webm,cmr3lrv3o000isr3ofarkweb0,19,IKORODU,"L.G. PRIMARY SCHOOL, IPAKODO",cmrdcpukz002vjs04aj9ftee5,Administrator,A79-1102,2026-07-09,interview_2026-07-09T10-15-51-900Z_26443d747c210000.webm,Recording available
cmrde4sq80003ky04wqh8arvq_interview_2026-07-09T10-55-31-877Z_f513d5dace4a765f.webm,7_ALIMOSHO_LOCAL_GOVT._NUR_PRY._SCH._I_IGANDO_Administrator_A79-1137.webm,cmr3lrv1y0006sr3o0quzrhm8,7,ALIMOSHO,"LOCAL GOVT. NUR/PRY. SCH. I, IGANDO",cmrde54cy000rjl04nzt39hbf,Administrator,A79-1137,2026-07-09,interview_2026-07-09T10-55-31-877Z_f513d5dace4a765f.webm,Recording available
cmrdetnxk0001jr04wqzfasvj_interview_2026-07-09T11-14-52-069Z_2935ec81b2bc9c9e.webm,7_ALIMOSHO_LOCAL_GOVT._NUR_PRY._SCH._I_IGANDO_Teacher_T79-1202.webm,cmr3lrv1y0006sr3o0quzrhm8,7,ALIMOSHO,"LOCAL GOVT. NUR/PRY. SCH. I, IGANDO",cmrdetxp50001l804b3o5dkte,Teacher,T79-1202,2026-07-09,interview_2026-07-09T11-14-52-069Z_2935ec81b2bc9c9e.webm,Recording available
cmrdevfs90003jr049ykbn8qj_interview_2026-07-09T11-16-14-823Z_656e1b284530fde9.webm,7_ALIMOSHO_LOCAL_GOVT._NUR_PRY._SCH._I_IGANDO_Teacher_T79-1202_1.webm,cmr3lrv1y0006sr3o0quzrhm8,7,ALIMOSHO,"LOCAL GOVT. NUR/PRY. SCH. I, IGANDO",cmrdevpmj0001jo04h3hc2yq6,Teacher,T79-1202,2026-07-09,interview_2026-07-09T11-16-14-823Z_656e1b284530fde9.webm,Recording available
cmrdewf580005jr041ppmdehd_interview_2026-07-09T11-17-00-658Z_07f43a7ee0f799eb.webm,7_ALIMOSHO_LOCAL_GOVT._NUR_PRY._SCH._I_IGANDO_Teacher_T79-1202_2.webm,cmr3lrv1y0006sr3o0quzrhm8,7,ALIMOSHO,"LOCAL GOVT. NUR/PRY. SCH. I, IGANDO",cmrdewndn000bjo046i11q7vh,Teacher,T79-1202,2026-07-09,interview_2026-07-09T11-17-00-658Z_07f43a7ee0f799eb.webm,Recording available
cmrdfalut0007jr04k3ibxdb4_interview_2026-07-09T11-28-02-585Z_5f6d5b1c6e94c90f.webm,7_ALIMOSHO_LOCAL_GOVT._NUR_PRY._SCH._I_IGANDO_Teacher_T79-1218.webm,cmr3lrv1y0006sr3o0quzrhm8,7,ALIMOSHO,"LOCAL GOVT. NUR/PRY. SCH. I, IGANDO",cmrdfar230001l804fldqcacu,Teacher,T79-1218,2026-07-09,interview_2026-07-09T11-28-02-585Z_5f6d5b1c6e94c90f.webm,Recording available
cmrdfflwu0009jr048z6ikkhh_interview_2026-07-09T11-31-55-949Z_11bc93fa444850b6.webm,44_SURULERE_Atunda-Olu_School_for_the_Physically_and_Mentally_Challenged_Administrator_A79-1221.webm,c70a4xlmh0p2j6kb48k5xl98,44,SURULERE,Atunda-Olu School for the Physically and Mentally Challenged,cmrdffmok0001jr04ddbgkt9j,Administrator,A79-1221,2026-07-09,interview_2026-07-09T11-31-55-949Z_11bc93fa444850b6.webm,Recording available
cmrdfk0cp0001kx04mmvfnjz1_interview_2026-07-09T11-35-21-108Z_812e9033ed5a0b27.webm,7_ALIMOSHO_LOCAL_GOVT._NUR_PRY._SCH._I_IGANDO_Administrator_A79-1228.webm,cmr3lrv1y0006sr3o0quzrhm8,7,ALIMOSHO,"LOCAL GOVT. NUR/PRY. SCH. I, IGANDO",cmrdfk5va0001l904j7yfmpko,Administrator,A79-1228,2026-07-09,interview_2026-07-09T11-35-21-108Z_812e9033ed5a0b27.webm,Recording available
cmrdfnmp90001l604zb5lth19_interview_2026-07-09T11-38-10-063Z_b91109332951cb3f.webm,44_SURULERE_Atunda-Olu_School_for_the_Physically_and_Mentally_Challenged_Teacher_T79-1232.webm,c70a4xlmh0p2j6kb48k5xl98,44,SURULERE,Atunda-Olu School for the Physically and Mentally Challenged,cmrdfnnbq000vl9044xgl2rrr,Teacher,T79-1232,2026-07-09,interview_2026-07-09T11-38-10-063Z_b91109332951cb3f.webm,Recording available
cmrdfxwnn0005l604b23k2hne_interview_2026-07-09T11-46-09-677Z_69ff046491355079.webm,7_ALIMOSHO_LOCAL_GOVT._NUR_PRY._SCH._I_IGANDO_Pupil_P79-1235.webm,cmr3lrv1y0006sr3o0quzrhm8,7,ALIMOSHO,"LOCAL GOVT. NUR/PRY. SCH. I, IGANDO",cmrdfxxfk000ll204hbvaghi0,Pupil,P79-1235,2026-07-09,interview_2026-07-09T11-46-09-677Z_69ff046491355079.webm,Recording available
cmrdg441s0007l604h7oasvjq_interview_2026-07-09T11-50-59-169Z_1ec23b1bf32b5a56.webm,7_ALIMOSHO_LOCAL_GOVT._NUR_PRY._SCH._I_IGANDO_Pupil_P79-1246.webm,cmr3lrv1y0006sr3o0quzrhm8,7,ALIMOSHO,"LOCAL GOVT. NUR/PRY. SCH. I, IGANDO",cmrdg47870001l9044rdbwkei,Pupil,P79-1246,2026-07-09,interview_2026-07-09T11-50-59-169Z_1ec23b1bf32b5a56.webm,Recording available
cmrdg4oyg0009l6045yy0d4mv_interview_2026-07-09T11-51-26-251Z_526b9d792e576720.webm,44_SURULERE_Atunda-Olu_School_for_the_Physically_and_Mentally_Challenged_Teacher_T79-1244.webm,c70a4xlmh0p2j6kb48k5xl98,44,SURULERE,Atunda-Olu School for the Physically and Mentally Challenged,cmrdg4qyl000hl904y7ngcm63,Teacher,T79-1244,2026-07-09,interview_2026-07-09T11-51-26-251Z_526b9d792e576720.webm,Recording available
cmrdh0leb000bl604svjwglrr_interview_2026-07-09T12-16-14-647Z_2f9993b99c84d0f6.webm,39_SOMOLU_LAGOS_STATE_SPECIAL_SCHOOL_Pupil_P79-1309.webm,cmr3lrv4e0012sr3oq7rr8kew,39,SOMOLU,LAGOS STATE SPECIAL SCHOOL,cmrdh0mxi0001js04wqgr9axy,Pupil,P79-1309,2026-07-09,interview_2026-07-09T12-16-14-647Z_2f9993b99c84d0f6.webm,Recording available
cmrdh91ys000dl604zp3ow2us_interview_2026-07-09T12-22-49-385Z_78808a757524dbe5.webm,39_SOMOLU_LAGOS_STATE_SPECIAL_SCHOOL_Pupil_P79-1316.webm,cmr3lrv4e0012sr3oq7rr8kew,39,SOMOLU,LAGOS STATE SPECIAL SCHOOL,cmrdh93170003jl04lnchmf6y,Pupil,P79-1316,2026-07-09,interview_2026-07-09T12-22-49-385Z_78808a757524dbe5.webm,Recording available
cmrdhhfml000fl604d65vxsu3_interview_2026-07-09T12-29-20-338Z_027893fca54ee315.webm,39_SOMOLU_LAGOS_STATE_SPECIAL_SCHOOL_Teacher_T79-1324.webm,cmr3lrv4e0012sr3oq7rr8kew,39,SOMOLU,LAGOS STATE SPECIAL SCHOOL,cmrdhhgis0001jv057b0k9oac,Teacher,T79-1324,2026-07-09,interview_2026-07-09T12-29-20-338Z_027893fca54ee315.webm,Recording available
cmrdi2ksh000hl604kpql3c0k_interview_2026-07-09T12-45-46-771Z_08b30aada3a8545b.webm,39_SOMOLU_LAGOS_STATE_SPECIAL_SCHOOL_Administrator_A79-1338.webm,cmr3lrv4e0012sr3oq7rr8kew,39,SOMOLU,LAGOS STATE SPECIAL SCHOOL,cmrdi2oua0003k004gc2f6cz2,Administrator,A79-1338,2026-07-09,interview_2026-07-09T12-45-46-771Z_08b30aada3a8545b.webm,Recording available
cmrdib4ey000jl604sup3p4u4_interview_2026-07-09T12-52-25-492Z_f50d68b869592dfc.webm,44_SURULERE_Atunda-Olu_School_for_the_Physically_and_Mentally_Challenged_Pupil_P79-1348.webm,c70a4xlmh0p2j6kb48k5xl98,44,SURULERE,Atunda-Olu School for the Physically and Mentally Challenged,cmrdib6ja000rjl041o69wa80,Pupil,P79-1348,2026-07-09,interview_2026-07-09T12-52-25-492Z_f50d68b869592dfc.webm,Recording available
cmrdig3if000ll604rb5umua2_interview_2026-07-09T12-56-17-601Z_5fcf49a8b7e40e5f.webm,44_SURULERE_Atunda-Olu_School_for_the_Physically_and_Mentally_Challenged_Pupil_P79-1352.webm,c70a4xlmh0p2j6kb48k5xl98,44,SURULERE,Atunda-Olu School for the Physically and Mentally Challenged,cmrdig5vl0003id04evuv5w37,Pupil,P79-1352,2026-07-09,interview_2026-07-09T12-56-17-601Z_5fcf49a8b7e40e5f.webm,Recording available
cmrdik7gn000nl6040j39d3n4_interview_2026-07-09T12-59-29-337Z_733e319e8f782445.webm,39_SOMOLU_LAGOS_STATE_SPECIAL_SCHOOL_Teacher_T79-1351.webm,cmr3lrv4e0012sr3oq7rr8kew,39,SOMOLU,LAGOS STATE SPECIAL SCHOOL,cmrdik8z70001l704toa9pzgl,Teacher,T79-1351,2026-07-09,interview_2026-07-09T12-59-29-337Z_733e319e8f782445.webm,Recording available
cmrdiljon000pl6040p1925nl_interview_2026-07-09T13-00-31-837Z_fa1cc05fb7854f20.webm,44_SURULERE_Atunda-Olu_School_for_the_Physically_and_Mentally_Challenged_Teacher_T79-1356.webm,c70a4xlmh0p2j6kb48k5xl98,44,SURULERE,Atunda-Olu School for the Physically and Mentally Challenged,cmrdilmp1000hl704nx7fx4ev,Teacher,T79-1356,2026-07-09,interview_2026-07-09T13-00-31-837Z_fa1cc05fb7854f20.webm,Recording available
cmrditz0t000rl604zckr44m4_interview_2026-07-09T13-07-04-962Z_16f47111b7f60b60.webm,44_SURULERE_Atunda-Olu_School_for_the_Physically_and_Mentally_Challenged_Administrator_A79-1400.webm,c70a4xlmh0p2j6kb48k5xl98,44,SURULERE,Atunda-Olu School for the Physically and Mentally Challenged,cmrdiu3dm000lid04z0lpsxgk,Administrator,A79-1400,2026-07-09,interview_2026-07-09T13-07-04-962Z_16f47111b7f60b60.webm,Recording available
cmrdjsscq000tl604ch4jxg1l_interview_2026-07-09T13-34-09-213Z_73e1baf15213bbea.webm,18_IKORODU_AFRICAN_BETHEL_PRY._SCHOOL_MAYA_Administrator_A79-1432.webm,cmr3lrv2g000hsr3ob6tif8lp,18,IKORODU,"AFRICAN BETHEL PRY. SCHOOL, MAYA",cmrdjt1bz0003jv04z7xbis5h,Administrator,A79-1432,2026-07-09,interview_2026-07-09T13-34-09-213Z_73e1baf15213bbea.webm,Recording available
cmrdk4jkp0001la04lvv5zpg6_interview_2026-07-09T13-43-17-594Z_b4d17ba3cc23abc9.webm,19_IKORODU_L.G._PRIMARY_SCHOOL_IPAKODO_Teacher_T79-1437.webm,cmr3lrv3o000isr3ofarkweb0,19,IKORODU,"L.G. PRIMARY SCHOOL, IPAKODO",cmrdk4vrg000ljv041cfmv4kg,Teacher,T79-1437,2026-07-09,interview_2026-07-09T13-43-17-594Z_b4d17ba3cc23abc9.webm,Recording available
cmrdk7x4o0003la04p0qbhwsn_interview_2026-07-09T13-45-55-230Z_dce71f66daf8a714.webm,19_IKORODU_L.G._PRIMARY_SCHOOL_IPAKODO_Pupil_P79-1444.webm,cmr3lrv3o000isr3ofarkweb0,19,IKORODU,"L.G. PRIMARY SCHOOL, IPAKODO",cmrdk83wm0011jv04t7uzzdn8,Pupil,P79-1444,2026-07-09,interview_2026-07-09T13-45-55-230Z_dce71f66daf8a714.webm,Recording available
cmreocez30001lc040qd9oyp4_interview_2026-07-10T08-29-09-561Z_96ef6eb345828344.webm,11_ETI-OSA_AJIRAN_PRIMARY_SCHOOL_Administrator_A710-0924.webm,cmr3lrv25000asr3okezhdnum,11,ETI-OSA,AJIRAN PRIMARY SCHOOL,cmreocfng0001kw04q4rntutr,Administrator,A710-0924,2026-07-10,interview_2026-07-10T08-29-09-561Z_96ef6eb345828344.webm,Recording available
cmreohj410003lc04fvqhda8n_interview_2026-07-10T08-33-08-334Z_41f114040dd876b6.webm,11_ETI-OSA_AJIRAN_PRIMARY_SCHOOL_Administrator_A710-0929.webm,cmr3lrv25000asr3okezhdnum,11,ETI-OSA,AJIRAN PRIMARY SCHOOL,cmreohkjn000hkw041x5tlqik,Administrator,A710-0929,2026-07-10,interview_2026-07-10T08-33-08-334Z_41f114040dd876b6.webm,Recording available
cmrev4tf10001jv04daplqyvv_interview_2026-07-10T11-39-12-478Z_7aa1fc18ca6fde29.webm,36_OJO_AGANJU_AKA_NUR_PRY_SCHOOL_II_OKOKOMAIKO_Teacher_T710-1035.webm,cmr3lrv4b000zsr3olgtwnaci,36,OJO,"AGANJU AKA NUR & PRY SCHOOL II, OKOKOMAIKO",cmrev4uuy001vlb041448pnwu,Teacher,T710-1035,2026-07-10,interview_2026-07-10T11-39-12-478Z_7aa1fc18ca6fde29.webm,Recording available
cmrew2dbt0001l704k5j3yqx1_interview_2026-07-10T12-05-17-798Z_3eb5510ae471c54e.webm,36_OJO_AGANJU_AKA_NUR_PRY_SCHOOL_II_OKOKOMAIKO_Teacher_T710-1257.webm,cmr3lrv4b000zsr3olgtwnaci,36,OJO,"AGANJU AKA NUR & PRY SCHOOL II, OKOKOMAIKO",cmrew2i5e0001ky04gtq5jhzs,Teacher,T710-1257,2026-07-10,interview_2026-07-10T12-05-17-798Z_3eb5510ae471c54e.webm,Recording available
cmreyywwv0001l404eovt97sq_interview_2026-07-10T13-26-35-384Z_11135798e3ea1076.webm,20_KOSOFE_AJELOGO_NURSERY_PRIMARY_SCHOOL_KETU_Administrator_A710-1426.webm,cmr3lrv3q000jsr3oe9hxerpc,20,KOSOFE,"AJELOGO NURSERY & PRIMARY SCHOOL, KETU",cmreyyxsb0001ky04zmhqlpq5,Administrator,A710-1426,2026-07-10,interview_2026-07-10T13-26-35-384Z_11135798e3ea1076.webm,Recording available
cmrez39qb0001l704o3dhvzpq_interview_2026-07-10T13-29-58-631Z_a21c39963d3e0b04.webm,3_AGEGE_DAIRY_FARM_PRIMARY_SCHOOL_Administrator_A710-1428.webm,cmr3lrv1s0002sr3om02smy3r,3,AGEGE,DAIRY FARM PRIMARY SCHOOL,cmrez3aoi000hky04633d9aqv,Administrator,A710-1428,2026-07-10,interview_2026-07-10T13-29-58-631Z_a21c39963d3e0b04.webm,Recording available
cmrf5ejnm0001js04sy0r1j99_interview_2026-07-10T16-26-42-429Z_40ced8389de368bb.webm,21_KOSOFE_EXPRESSWAY_NURSERY_PRIMARY_SCHOOL_1_IKOSI_KETU_Administrator_A710-1724.webm,cmr3lrv3r000ksr3oc9i3tr0i,21,KOSOFE,"EXPRESSWAY NURSERY & PRIMARY SCHOOL 1, IKOSI KETU",cmrf5elsm0001l8044qy3ty5z,Administrator,A710-1724,2026-07-10,interview_2026-07-10T16-26-42-429Z_40ced8389de368bb.webm,Recording available
cmrf5i6z20003js0474z016ry_interview_2026-07-10T16-29-32-693Z_250ba32087d1cbe3.webm,17_IKORODU_U._P._E._PRIMARY_SCHOOL_AJAGURO_Administrator_A710-1728.webm,cmr3lrv2f000gsr3ochaift84,17,IKORODU,"U. P. E. PRIMARY SCHOOL, AJAGURO",cmrf5i8qs0001i704iwolx7uh,Administrator,A710-1728,2026-07-10,interview_2026-07-10T16-29-32-693Z_250ba32087d1cbe3.webm,Recording available
cmriln47o0001i904kdbs0tqa_interview_2026-07-13T02-24-34-647Z_6c39d66a184b8c83.webm,10_BADAGRY_L.A._PRIMARY_SCHOOL_APA_Pupil_P713-0322.webm,cmr3lrv230009sr3o6hu1qfok,10,BADAGRY,"L.A. PRIMARY SCHOOL, APA",cmriln5fw000fju046lct4igx,Pupil,P713-0322,2026-07-13,interview_2026-07-13T02-24-34-647Z_6c39d66a184b8c83.webm,Recording available
cmrilnxel0003i904ha86w3gc_interview_2026-07-13T02-25-12-626Z_547e48e854fc9c7c.webm,33_MUSHIN_ALAKARA_PRIMARY_SCHOOL_Pupil_P713-0324.webm,cmr3lrv48000wsr3of1gsf1bf,33,MUSHIN,ALAKARA PRIMARY SCHOOL,cmrilo2sb000vju04y3r32we2,Pupil,P713-0324,2026-07-13,interview_2026-07-13T02-25-12-626Z_547e48e854fc9c7c.webm,Recording available
cmrilw1520005i904rvth4a1h_interview_2026-07-13T02-31-30-741Z_a97e69bc69eb5d52.webm,35_OJO_L._A._NUR_PRY_SCHOOL_IBA_Administrator_A713-0331.webm,cmr3lrv4a000ysr3oavkw80pj,35,OJO,"L. A. NUR & PRY SCHOOL, IBA",cmrilw2qu0001jj04mmi4oe0d,Administrator,A713-0331,2026-07-13,interview_2026-07-13T02-31-30-741Z_a97e69bc69eb5d52.webm,Recording available
